Column1,Column2,Column3,Column4,Column5,Column6,Column7
24.45899,6.71394,13.30611,5.52096,0.0,0.0,0.0
25.13037,6.97558,12.52774,5.36631,0.0,0.0,0.0
25.71728,7.23329,11.79512,5.25431,0.0,0.0,0.0
25.3656,7.06696,12.23718,5.33026,0.0,0.0,0.0
26.12185,7.38337,11.28297,5.21181,0.0,0.0,0.0
25.63721,7.09698,11.88678,5.37903,0.0,0.0,0.0
25.26878,6.84107,12.43362,5.45653,0.0,0.0,0.0
25.73194,7.27409,11.73157,5.2624,0.0,0.0,0.0
